[{"model": "home.promotion", "pk": 1, "fields": {"description": "12 months for $49", "price": 49.0, "discount": 18.0}}, {"model": "home.promotion", "pk": 2, "fields": {"description": "6 months for $26", "price": 26.0, "discount": 15.0}}, {"model": "home.promourl", "pk": 1, "fields": {"slug": "please-please-buy-it", "promotion": 1, "promopage": 4}}, {"model": "home.promourl", "pk": 2, "fields": {"slug": "this-one-is-even-better", "promotion": 2, "promopage": 4}}, {"model": "wagtailimages.rendition", "pk": 7, "fields": {"filter_spec": "max-165x165", "file": "images/EN-meals-min.max-165x165.png", "width": 102, "height": 165, "focal_point_key": "", "image": 3}}, {"model": "wagtailimages.rendition", "pk": 8, "fields": {"filter_spec": "max-165x165", "file": "images/EN-workouts-min.max-165x165.png", "width": 102, "height": 165, "focal_point_key": "", "image": 4}}, {"model": "wagtailimages.rendition", "pk": 9, "fields": {"filter_spec": "original", "file": "images/EN-meals-min.original.png", "width": 433, "height": 697, "focal_point_key": "", "image": 3}}, {"model": "wagtailimages.rendition", "pk": 10, "fields": {"filter_spec": "original", "file": "images/EN-workouts-min.original.png", "width": 433, "height": 697, "focal_point_key": "", "image": 4}}, {"model": "wagtailcore.site", "pk": 2, "fields": {"hostname": "localhost", "port": 80, "site_name": null, "root_page": 3, "is_default_site": true}}, {"model": "wagtailcore.collection", "pk": 1, "fields": {"path": "0001", "depth": 1, "numchild": 0, "name": "Root"}}, {"model": "contenttypes.contenttype", "pk": 1, "fields": {"app_label": "wagtailcore", "model": "page"}}, {"model": "contenttypes.contenttype", "pk": 2, "fields": {"app_label": "home", "model": "promopage"}}, {"model": "contenttypes.contenttype", "pk": 3, "fields": {"app_label": "wagtailadmin", "model": "admin"}}, {"model": "contenttypes.contenttype", "pk": 4, "fields": {"app_label": "wagtaildocs", "model": "document"}}, {"model": "contenttypes.contenttype", "pk": 5, "fields": {"app_label": "wagtailimages", "model": "image"}}, {"model": "contenttypes.contenttype", "pk": 6, "fields": {"app_label": "wagtailforms", "model": "formsubmission"}}, {"model": "contenttypes.contenttype", "pk": 7, "fields": {"app_label": "wagtailredirects", "model": "redirect"}}, {"model": "contenttypes.contenttype", "pk": 8, "fields": {"app_label": "wagtailembeds", "model": "embed"}}, {"model": "contenttypes.contenttype", "pk": 9, "fields": {"app_label": "wagtailusers", "model": "userprofile"}}, {"model": "contenttypes.contenttype", "pk": 10, "fields": {"app_label": "wagtailimages", "model": "rendition"}}, {"model": "contenttypes.contenttype", "pk": 11, "fields": {"app_label": "wagtailsearch", "model": "query"}}, {"model": "contenttypes.contenttype", "pk": 12, "fields": {"app_label": "wagtailsearch", "model": "querydailyhits"}}, {"model": "contenttypes.contenttype", "pk": 13, "fields": {"app_label": "wagtailcore", "model": "site"}}, {"model": "contenttypes.contenttype", "pk": 14, "fields": {"app_label": "wagtailcore", "model": "collectionviewrestriction"}}, {"model": "contenttypes.contenttype", "pk": 15, "fields": {"app_label": "wagtailcore", "model": "collection"}}, {"model": "contenttypes.contenttype", "pk": 16, "fields": {"app_label": "wagtailcore", "model": "grouppagepermission"}}, {"model": "contenttypes.contenttype", "pk": 17, "fields": {"app_label": "wagtailcore", "model": "groupcollectionpermission"}}, {"model": "contenttypes.contenttype", "pk": 18, "fields": {"app_label": "wagtailcore", "model": "pagerevision"}}, {"model": "contenttypes.contenttype", "pk": 19, "fields": {"app_label": "wagtailcore", "model": "pageviewrestriction"}}, {"model": "contenttypes.contenttype", "pk": 20, "fields": {"app_label": "taggit", "model": "taggeditem"}}, {"model": "contenttypes.contenttype", "pk": 21, "fields": {"app_label": "taggit", "model": "tag"}}, {"model": "contenttypes.contenttype", "pk": 22, "fields": {"app_label": "admin", "model": "logentry"}}, {"model": "contenttypes.contenttype", "pk": 23, "fields": {"app_label": "auth", "model": "group"}}, {"model": "contenttypes.contenttype", "pk": 24, "fields": {"app_label": "auth", "model": "user"}}, {"model": "contenttypes.contenttype", "pk": 25, "fields": {"app_label": "auth", "model": "permission"}}, {"model": "contenttypes.contenttype", "pk": 26, "fields": {"app_label": "contenttypes", "model": "contenttype"}}, {"model": "contenttypes.contenttype", "pk": 27, "fields": {"app_label": "sessions", "model": "session"}}, {"model": "contenttypes.contenttype", "pk": 28, "fields": {"app_label": "home", "model": "promotion"}}, {"model": "contenttypes.contenttype", "pk": 29, "fields": {"app_label": "home", "model": "promourl"}}, {"model": "sessions.session", "pk": "xo0tmzkh7gt3nuw24d1qija9uz91dqhn", "fields": {"session_data": "NmZkYjhhMTE0M2I2MDg3MmYyM2MyY2EwODA1MjAzYjZjNWNkOWRkMzp7Il9hdXRoX3VzZXJfaGFzaCI6IjU4YjI1OGU2YWI2MDYxM2RiNDMxZjIyYTk1ZmY3NzU0MTM5NmE0ZDEiLCJ3YWd0YWlsLXByZXZpZXctNCI6WyJib2R5LTAtb3JkZXI9MCZib2R5LWNvdW50PTMmYm9keS0wLWlkPTI2MTZmOTFlLTg0ZDQtNDNiNy1iMDBmLTE2ZDg0NWQ2M2YxNyZib2R5LTItdHlwZT10ZXh0X3BsdXNfc2NyZWVuc2hvdCZib2R5LTEtaWQ9NTY2NjkyOWYtYTkwZC00MGVjLThkNGUtOTZhYTg5MDU0YTMxJnNlYXJjaF9kZXNjcmlwdGlvbj0mYm9keS0yLWlkPSZib2R5LTEtZGVsZXRlZD0mYm9keS0yLXZhbHVlLTAtdmFsdWU9JTdCJTIyYmxvY2tzJTIyJTNBJTVCJTdCJTIya2V5JTIyJTNBJTIyenEwMDAlMjIlMkMlMjJ0ZXh0JTIyJTNBJTIyTWVhbCtQbGFucyt0YWlsb3JlZCt0byt5b3VyK2dvYWxzJTIyJTJDJTIydHlwZSUyMiUzQSUyMmhlYWRlci10d28lMjIlMkMlMjJkZXB0aCUyMiUzQTAlMkMlMjJpbmxpbmVTdHlsZVJhbmdlcyUyMiUzQSU1QiU1RCUyQyUyMmVudGl0eVJhbmdlcyUyMiUzQSU1QiU1RCUyQyUyMmRhdGElMjIlM0ElN0IlN0QlN0QlMkMlN0IlMjJrZXklMjIlM0ElMjIzZHBtcyUyMiUyQyUyMnRleHQlMjIlM0ElMjJOdXRyaXRpb24raXMrODAlMjUrb2YrdGhlK3Jlc3VsdHMuK0dldCtwZXJzb25hbGl6ZWQrcGxhbnMrdG8rcmVhY2greW91citnb2FsJTIyJTJDJTIydHlwZSUyMiUzQSUyMnVuc3R5bGVkJTIyJTJDJTIyZGVwdGglMjIlM0EwJTJDJTIyaW5saW5lU3R5bGVSYW5nZXMlMjIlM0ElNUIlNUQlMkMlMjJlbnRpdHlSYW5nZXMlMjIlM0ElNUIlNUQlMkMlMjJkYXRhJTIyJTNBJTdCJTdEJTdEJTJDJTdCJTIya2V5JTIyJTNBJTIyM2swMm4lMjIlMkMlMjJ0ZXh0JTIyJTNBJTIyRGVzaWduZWQrYnkrbnV0cml0aW9uaXN0cyUyMiUyQyUyMnR5cGUlMjIlM0ElMjJ1bm9yZGVyZWQtbGlzdC1pdGVtJTIyJTJDJTIyZGVwdGglMjIlM0EwJTJDJTIyaW5saW5lU3R5bGVSYW5nZXMlMjIlM0ElNUIlNUQlMkMlMjJlbnRpdHlSYW5nZXMlMjIlM0ElNUIlNUQlMkMlMjJkYXRhJTIyJTNBJTdCJTdEJTdEJTJDJTdCJTIya2V5JTIyJTNBJTIyZm82ZTIlMjIlMkMlMjJ0ZXh0JTIyJTNBJTIyV2Vla2x5K3Nob3BwaW5nK2xpc3QlMjIlMkMlMjJ0eXBlJTIyJTNBJTIydW5vcmRlcmVkLWxpc3QtaXRlbSUyMiUyQyUyMmRlcHRoJTIyJTNBMCUyQyUyMmlubGluZVN0eWxlUmFuZ2VzJTIyJTNBJTVCJTVEJTJDJTIyZW50aXR5UmFuZ2VzJTIyJTNBJTVCJTVEJTJDJTIyZGF0YSUyMiUzQSU3QiU3RCU3RCUyQyU3QiUyMmtleSUyMiUzQSUyMjU4ampxJTIyJTJDJTIydGV4dCUyMiUzQSUyMlNpbXBsZSthbmQrZGVsaWNpb3VzK3JlY2lwZXMlMjIlMkMlMjJ0eXBlJTIyJTNBJTIydW5vcmRlcmVkLWxpc3QtaXRlbSUyMiUyQyUyMmRlcHRoJTIyJTNBMCUyQyUyMmlubGluZVN0eWxlUmFuZ2VzJTIyJTNBJTVCJTVEJTJDJTIyZW50aXR5UmFuZ2VzJTIyJTNBJTVCJTVEJTJDJTIyZGF0YSUyMiUzQSU3QiU3RCU3RCU1RCUyQyUyMmVudGl0eU1hcCUyMiUzQSU3QiU3RCU3RCZib2R5LTItdmFsdWUtMC10eXBlPXRleHQmYm9keS0xLXR5cGU9aW5kZXgmYm9keS0wLXR5cGU9aGVyb2VzJmJvZHktMi12YWx1ZS1jb3VudD0xJmJvZHktMi12YWx1ZS0wLWlkPSZib2R5LTItdmFsdWUtMC1vcmRlcj0wJmJvZHktMS1vcmRlcj0xJmdvX2xpdmVfYXQ9JnNlb190aXRsZT0mc2x1Zz1teS1maXJzdC1wcm9tb3Rpb24mYm9keS0wLWRlbGV0ZWQ9JmJvZHktMi12YWx1ZS0wLWRlbGV0ZWQ9Jm5leHQ9JmNzcmZtaWRkbGV3YXJldG9rZW49V3BEc1dRVTlLT1hjYVZWc1dOTUVUbGI5ZFNLWWJqQzFGOHV0UGM3V2cweHR6cWxWZUNYNmhxODRCTE9IZlZzQyZib2R5LTEtdmFsdWU9JTdCJTBEJTBBKysrKyUyMmVudGl0eU1hcCUyMiUzQSslN0IlN0QlMkMlMEQlMEErKysrJTIyYmxvY2tzJTIyJTNBKyU1QiUwRCUwQSsrKysrKysrJTdCJTBEJTBBKysrKysrKysrKysrJTIydGV4dCUyMiUzQSslMjJZb3VyK3JvYWRtYXArdG8rYStoZWFsdGhpZXIlMkMrZml0dGVyK3lvdSUyMiUyQyUwRCUwQSsrKysrKysrKysrKyUyMmVudGl0eVJhbmdlcyUyMiUzQSslNUIlNUQlMkMlMEQlMEErKysrKysrKysrKyslMjJrZXklMjIlM0ErJTIydjlrMm0lMjIlMkMlMEQlMEErKysrKysrKysrKyslMjJkZXB0aCUyMiUzQSswJTJDJTBEJTBBKysrKysrKysrKysrJTIydHlwZSUyMiUzQSslMjJoZWFkZXItdHdvJTIyJTJDJTBEJTBBKysrKysrKysrKysrJTIyaW5saW5lU3R5bGVSYW5nZXMlMjIlM0ErJTVCJTVEJTBEJTBBKysrKysrKyslN0QlMkMlMEQlMEErKysrKysrKyU3QiUwRCUwQSsrKysrKysrKysrKyUyMnRleHQlMjIlM0ErJTIyV2UrY2FuK2hlbHAreW91K2FjaGlldmUreW91citmaXRuZXNzK2dvYWxzK2Zyb20raG9tZS4rOGZpdCtQcm8raXMrYWxsK3lvdXIrZXhlcmNpc2UrYW5kK251dHJpdGlvbituZWVkcytpbitvbmUraGFuZHkrYXBwLiUyMiUyQyUwRCUwQSsrKysrKysrKysrKyUyMmVudGl0eVJhbmdlcyUyMiUzQSslNUIlNUQlMkMlMEQlMEErKysrKysrKysrKyslMjJrZXklMjIlM0ErJTIyOHNraDclMjIlMkMlMEQlMEErKysrKysrKysrKyslMjJkZXB0aCUyMiUzQSswJTJDJTBEJTBBKysrKysrKysrKysrJTIydHlwZSUyMiUzQSslMjJ1bnN0eWxlZCUyMiUyQyUwRCUwQSsrKysrKysrKysrKyUyMmlubGluZVN0eWxlUmFuZ2VzJTIyJTNBKyU1QiU1RCUwRCUwQSsrKysrKysrJTdEJTBEJTBBKysrKyU1RCUwRCUwQSU3RCZ0aXRsZT1NeSt2ZXJ5K3Byb2ZpdGFibGUrcHJvbW90aW9uJmJvZHktMi1vcmRlcj0yJmV4cGlyZV9hdD0mYm9keS0yLWRlbGV0ZWQ9IiwxNTI4ODg4MjE4LjA0MTk5OTZdLCJfYXV0aF91c2VyX2lkIjoiMSIsIl9hdXRoX3VzZXJfYmFja2VuZCI6ImRqYW5nby5jb250cmliLmF1dGguYmFja2VuZHMuTW9kZWxCYWNrZW5kIn0=", "expire_date": "2018-06-27T11:10:18.055Z"}}, {"model": "auth.permission", "pk": 1, "fields": {"name": "Can access Wagtail admin", "content_type": 3, "codename": "access_admin"}}, {"model": "auth.permission", "pk": 2, "fields": {"name": "Can add document", "content_type": 4, "codename": "add_document"}}, {"model": "auth.permission", "pk": 3, "fields": {"name": "Can change document", "content_type": 4, "codename": "change_document"}}, {"model": "auth.permission", "pk": 4, "fields": {"name": "Can delete document", "content_type": 4, "codename": "delete_document"}}, {"model": "auth.permission", "pk": 5, "fields": {"name": "Can add image", "content_type": 5, "codename": "add_image"}}, {"model": "auth.permission", "pk": 6, "fields": {"name": "Can change image", "content_type": 5, "codename": "change_image"}}, {"model": "auth.permission", "pk": 7, "fields": {"name": "Can delete image", "content_type": 5, "codename": "delete_image"}}, {"model": "auth.permission", "pk": 8, "fields": {"name": "Can add home page", "content_type": 2, "codename": "add_homepage"}}, {"model": "auth.permission", "pk": 9, "fields": {"name": "Can change home page", "content_type": 2, "codename": "change_homepage"}}, {"model": "auth.permission", "pk": 10, "fields": {"name": "Can delete home page", "content_type": 2, "codename": "delete_homepage"}}, {"model": "auth.permission", "pk": 11, "fields": {"name": "Can add form submission", "content_type": 6, "codename": "add_formsubmission"}}, {"model": "auth.permission", "pk": 12, "fields": {"name": "Can change form submission", "content_type": 6, "codename": "change_formsubmission"}}, {"model": "auth.permission", "pk": 13, "fields": {"name": "Can delete form submission", "content_type": 6, "codename": "delete_formsubmission"}}, {"model": "auth.permission", "pk": 14, "fields": {"name": "Can add redirect", "content_type": 7, "codename": "add_redirect"}}, {"model": "auth.permission", "pk": 15, "fields": {"name": "Can change redirect", "content_type": 7, "codename": "change_redirect"}}, {"model": "auth.permission", "pk": 16, "fields": {"name": "Can delete redirect", "content_type": 7, "codename": "delete_redirect"}}, {"model": "auth.permission", "pk": 17, "fields": {"name": "Can add embed", "content_type": 8, "codename": "add_embed"}}, {"model": "auth.permission", "pk": 18, "fields": {"name": "Can change embed", "content_type": 8, "codename": "change_embed"}}, {"model": "auth.permission", "pk": 19, "fields": {"name": "Can delete embed", "content_type": 8, "codename": "delete_embed"}}, {"model": "auth.permission", "pk": 20, "fields": {"name": "Can add user profile", "content_type": 9, "codename": "add_userprofile"}}, {"model": "auth.permission", "pk": 21, "fields": {"name": "Can change user profile", "content_type": 9, "codename": "change_userprofile"}}, {"model": "auth.permission", "pk": 22, "fields": {"name": "Can delete user profile", "content_type": 9, "codename": "delete_userprofile"}}, {"model": "auth.permission", "pk": 23, "fields": {"name": "Can add rendition", "content_type": 10, "codename": "add_rendition"}}, {"model": "auth.permission", "pk": 24, "fields": {"name": "Can change rendition", "content_type": 10, "codename": "change_rendition"}}, {"model": "auth.permission", "pk": 25, "fields": {"name": "Can delete rendition", "content_type": 10, "codename": "delete_rendition"}}, {"model": "auth.permission", "pk": 26, "fields": {"name": "Can add query", "content_type": 11, "codename": "add_query"}}, {"model": "auth.permission", "pk": 27, "fields": {"name": "Can change query", "content_type": 11, "codename": "change_query"}}, {"model": "auth.permission", "pk": 28, "fields": {"name": "Can delete query", "content_type": 11, "codename": "delete_query"}}, {"model": "auth.permission", "pk": 29, "fields": {"name": "Can add Query Daily Hits", "content_type": 12, "codename": "add_querydailyhits"}}, {"model": "auth.permission", "pk": 30, "fields": {"name": "Can change Query Daily Hits", "content_type": 12, "codename": "change_querydailyhits"}}, {"model": "auth.permission", "pk": 31, "fields": {"name": "Can delete Query Daily Hits", "content_type": 12, "codename": "delete_querydailyhits"}}, {"model": "auth.permission", "pk": 32, "fields": {"name": "Can add site", "content_type": 13, "codename": "add_site"}}, {"model": "auth.permission", "pk": 33, "fields": {"name": "Can change site", "content_type": 13, "codename": "change_site"}}, {"model": "auth.permission", "pk": 34, "fields": {"name": "Can delete site", "content_type": 13, "codename": "delete_site"}}, {"model": "auth.permission", "pk": 35, "fields": {"name": "Can add collection view restriction", "content_type": 14, "codename": "add_collectionviewrestriction"}}, {"model": "auth.permission", "pk": 36, "fields": {"name": "Can change collection view restriction", "content_type": 14, "codename": "change_collectionviewrestriction"}}, {"model": "auth.permission", "pk": 37, "fields": {"name": "Can delete collection view restriction", "content_type": 14, "codename": "delete_collectionviewrestriction"}}, {"model": "auth.permission", "pk": 38, "fields": {"name": "Can add collection", "content_type": 15, "codename": "add_collection"}}, {"model": "auth.permission", "pk": 39, "fields": {"name": "Can change collection", "content_type": 15, "codename": "change_collection"}}, {"model": "auth.permission", "pk": 40, "fields": {"name": "Can delete collection", "content_type": 15, "codename": "delete_collection"}}, {"model": "auth.permission", "pk": 41, "fields": {"name": "Can add group page permission", "content_type": 16, "codename": "add_grouppagepermission"}}, {"model": "auth.permission", "pk": 42, "fields": {"name": "Can change group page permission", "content_type": 16, "codename": "change_grouppagepermission"}}, {"model": "auth.permission", "pk": 43, "fields": {"name": "Can delete group page permission", "content_type": 16, "codename": "delete_grouppagepermission"}}, {"model": "auth.permission", "pk": 44, "fields": {"name": "Can add group collection permission", "content_type": 17, "codename": "add_groupcollectionpermission"}}, {"model": "auth.permission", "pk": 45, "fields": {"name": "Can change group collection permission", "content_type": 17, "codename": "change_groupcollectionpermission"}}, {"model": "auth.permission", "pk": 46, "fields": {"name": "Can delete group collection permission", "content_type": 17, "codename": "delete_groupcollectionpermission"}}, {"model": "auth.permission", "pk": 47, "fields": {"name": "Can add page", "content_type": 1, "codename": "add_page"}}, {"model": "auth.permission", "pk": 48, "fields": {"name": "Can change page", "content_type": 1, "codename": "change_page"}}, {"model": "auth.permission", "pk": 49, "fields": {"name": "Can delete page", "content_type": 1, "codename": "delete_page"}}, {"model": "auth.permission", "pk": 50, "fields": {"name": "Can add page revision", "content_type": 18, "codename": "add_pagerevision"}}, {"model": "auth.permission", "pk": 51, "fields": {"name": "Can change page revision", "content_type": 18, "codename": "change_pagerevision"}}, {"model": "auth.permission", "pk": 52, "fields": {"name": "Can delete page revision", "content_type": 18, "codename": "delete_pagerevision"}}, {"model": "auth.permission", "pk": 53, "fields": {"name": "Can add page view restriction", "content_type": 19, "codename": "add_pageviewrestriction"}}, {"model": "auth.permission", "pk": 54, "fields": {"name": "Can change page view restriction", "content_type": 19, "codename": "change_pageviewrestriction"}}, {"model": "auth.permission", "pk": 55, "fields": {"name": "Can delete page view restriction", "content_type": 19, "codename": "delete_pageviewrestriction"}}, {"model": "auth.permission", "pk": 56, "fields": {"name": "Can add Tagged Item", "content_type": 20, "codename": "add_taggeditem"}}, {"model": "auth.permission", "pk": 57, "fields": {"name": "Can change Tagged Item", "content_type": 20, "codename": "change_taggeditem"}}, {"model": "auth.permission", "pk": 58, "fields": {"name": "Can delete Tagged Item", "content_type": 20, "codename": "delete_taggeditem"}}, {"model": "auth.permission", "pk": 59, "fields": {"name": "Can add Tag", "content_type": 21, "codename": "add_tag"}}, {"model": "auth.permission", "pk": 60, "fields": {"name": "Can change Tag", "content_type": 21, "codename": "change_tag"}}, {"model": "auth.permission", "pk": 61, "fields": {"name": "Can delete Tag", "content_type": 21, "codename": "delete_tag"}}, {"model": "auth.permission", "pk": 62, "fields": {"name": "Can add log entry", "content_type": 22, "codename": "add_logentry"}}, {"model": "auth.permission", "pk": 63, "fields": {"name": "Can change log entry", "content_type": 22, "codename": "change_logentry"}}, {"model": "auth.permission", "pk": 64, "fields": {"name": "Can delete log entry", "content_type": 22, "codename": "delete_logentry"}}, {"model": "auth.permission", "pk": 65, "fields": {"name": "Can add group", "content_type": 23, "codename": "add_group"}}, {"model": "auth.permission", "pk": 66, "fields": {"name": "Can change group", "content_type": 23, "codename": "change_group"}}, {"model": "auth.permission", "pk": 67, "fields": {"name": "Can delete group", "content_type": 23, "codename": "delete_group"}}, {"model": "auth.permission", "pk": 68, "fields": {"name": "Can add user", "content_type": 24, "codename": "add_user"}}, {"model": "auth.permission", "pk": 69, "fields": {"name": "Can change user", "content_type": 24, "codename": "change_user"}}, {"model": "auth.permission", "pk": 70, "fields": {"name": "Can delete user", "content_type": 24, "codename": "delete_user"}}, {"model": "auth.permission", "pk": 71, "fields": {"name": "Can add permission", "content_type": 25, "codename": "add_permission"}}, {"model": "auth.permission", "pk": 72, "fields": {"name": "Can change permission", "content_type": 25, "codename": "change_permission"}}, {"model": "auth.permission", "pk": 73, "fields": {"name": "Can delete permission", "content_type": 25, "codename": "delete_permission"}}, {"model": "auth.permission", "pk": 74, "fields": {"name": "Can add content type", "content_type": 26, "codename": "add_contenttype"}}, {"model": "auth.permission", "pk": 75, "fields": {"name": "Can change content type", "content_type": 26, "codename": "change_contenttype"}}, {"model": "auth.permission", "pk": 76, "fields": {"name": "Can delete content type", "content_type": 26, "codename": "delete_contenttype"}}, {"model": "auth.permission", "pk": 77, "fields": {"name": "Can add session", "content_type": 27, "codename": "add_session"}}, {"model": "auth.permission", "pk": 78, "fields": {"name": "Can change session", "content_type": 27, "codename": "change_session"}}, {"model": "auth.permission", "pk": 79, "fields": {"name": "Can delete session", "content_type": 27, "codename": "delete_session"}}, {"model": "auth.permission", "pk": 80, "fields": {"name": "Can add promo page", "content_type": 2, "codename": "add_promopage"}}, {"model": "auth.permission", "pk": 81, "fields": {"name": "Can change promo page", "content_type": 2, "codename": "change_promopage"}}, {"model": "auth.permission", "pk": 82, "fields": {"name": "Can delete promo page", "content_type": 2, "codename": "delete_promopage"}}, {"model": "auth.permission", "pk": 83, "fields": {"name": "Can add promotion", "content_type": 28, "codename": "add_promotion"}}, {"model": "auth.permission", "pk": 84, "fields": {"name": "Can change promotion", "content_type": 28, "codename": "change_promotion"}}, {"model": "auth.permission", "pk": 85, "fields": {"name": "Can delete promotion", "content_type": 28, "codename": "delete_promotion"}}, {"model": "auth.permission", "pk": 86, "fields": {"name": "Can add promo url", "content_type": 29, "codename": "add_promourl"}}, {"model": "auth.permission", "pk": 87, "fields": {"name": "Can change promo url", "content_type": 29, "codename": "change_promourl"}}, {"model": "auth.permission", "pk": 88, "fields": {"name": "Can delete promo url", "content_type": 29, "codename": "delete_promourl"}}, {"model": "auth.group", "pk": 1, "fields": {"name": "Moderators", "permissions": [1, 2, 3, 4, 5, 6, 7]}}, {"model": "auth.group", "pk": 2, "fields": {"name": "Editors", "permissions": [1, 2, 3, 4, 5, 6, 7]}}, {"model": "auth.user", "pk": 1, "fields": {"password": "pbkdf2_sha256$100000$dCuWLkBqTj6T$eXoHSoDVA9sfzZIDeXU0KpdhP4fjdV3oB7QPyUcaypY=", "last_login": "2018-06-13T08:33:13.802Z", "is_superuser": true, "username": "eightfit", "first_name": "", "last_name": "", "email": "noreply@example.com", "is_staff": true, "is_active": true, "date_joined": "2018-06-13T08:33:05.369Z", "groups": [], "user_permissions": []}}, {"model": "admin.logentry", "pk": 1, "fields": {"action_time": "2018-06-13T10:23:53.120Z", "user": 1, "content_type": 28, "object_id": "1", "object_repr": "12 months for $49", "action_flag": 1, "change_message": "[{\"added\": {}}]"}}, {"model": "admin.logentry", "pk": 2, "fields": {"action_time": "2018-06-13T10:24:17.516Z", "user": 1, "content_type": 29, "object_id": "1", "object_repr": "/promo/please-please-buy-it", "action_flag": 1, "change_message": "[{\"added\": {}}]"}}, {"model": "admin.logentry", "pk": 3, "fields": {"action_time": "2018-06-13T11:45:41.180Z", "user": 1, "content_type": 28, "object_id": "2", "object_repr": "6 months for $26", "action_flag": 1, "change_message": "[{\"added\": {}}]"}}, {"model": "admin.logentry", "pk": 4, "fields": {"action_time": "2018-06-13T11:46:12.972Z", "user": 1, "content_type": 29, "object_id": "2", "object_repr": "/promo/this-one-is-even-better", "action_flag": 1, "change_message": "[{\"added\": {}}]"}}, {"model": "wagtailcore.groupcollectionpermission", "pk": 1, "fields": {"group": 1, "collection": 1, "permission": 2}}, {"model": "wagtailcore.groupcollectionpermission", "pk": 2, "fields": {"group": 2, "collection": 1, "permission": 2}}, {"model": "wagtailcore.groupcollectionpermission", "pk": 3, "fields": {"group": 1, "collection": 1, "permission": 3}}, {"model": "wagtailcore.groupcollectionpermission", "pk": 4, "fields": {"group": 2, "collection": 1, "permission": 3}}, {"model": "wagtailcore.groupcollectionpermission", "pk": 5, "fields": {"group": 1, "collection": 1, "permission": 5}}, {"model": "wagtailcore.groupcollectionpermission", "pk": 6, "fields": {"group": 2, "collection": 1, "permission": 5}}, {"model": "wagtailcore.groupcollectionpermission", "pk": 7, "fields": {"group": 1, "collection": 1, "permission": 6}}, {"model": "wagtailcore.groupcollectionpermission", "pk": 8, "fields": {"group": 2, "collection": 1, "permission": 6}}, {"model": "wagtailcore.grouppagepermission", "pk": 1, "fields": {"group": 1, "page": 1, "permission_type": "add"}}, {"model": "wagtailcore.grouppagepermission", "pk": 2, "fields": {"group": 1, "page": 1, "permission_type": "edit"}}, {"model": "wagtailcore.grouppagepermission", "pk": 3, "fields": {"group": 1, "page": 1, "permission_type": "publish"}}, {"model": "wagtailcore.grouppagepermission", "pk": 4, "fields": {"group": 2, "page": 1, "permission_type": "add"}}, {"model": "wagtailcore.grouppagepermission", "pk": 5, "fields": {"group": 2, "page": 1, "permission_type": "edit"}}, {"model": "wagtailcore.grouppagepermission", "pk": 6, "fields": {"group": 1, "page": 1, "permission_type": "lock"}}, {"model": "wagtailcore.pagerevision", "pk": 1, "fields": {"page": 4, "submitted_for_moderation": false, "created_at": "2018-06-13T08:34:36.732Z", "user": 1, "content_json": "{\"locked\": false, \"url_path\": \"/home/my-first-promotion/\", \"live_revision\": null, \"expired\": false, \"latest_revision_created_at\": null, \"owner\": 1, \"draft_title\": \"My first promotion\", \"expire_at\": null, \"content_type\": 2, \"depth\": 3, \"has_unpublished_changes\": false, \"slug\": \"my-first-promotion\", \"show_in_menus\": false, \"first_published_at\": null, \"path\": \"000100010001\", \"go_live_at\": null, \"live\": false, \"numchild\": 0, \"search_description\": \"\", \"last_published_at\": null, \"seo_title\": \"\", \"title\": \"My first promotion\", \"pk\": 4}", "approved_go_live_at": null}}, {"model": "wagtailcore.pagerevision", "pk": 2, "fields": {"page": 4, "submitted_for_moderation": false, "created_at": "2018-06-13T08:37:57.377Z", "user": 1, "content_json": "{\"title\": \"My first promotion\", \"body\": \"[{\\\"type\\\": \\\"heroes\\\", \\\"value\\\": null, \\\"id\\\": \\\"2616f91e-84d4-43b7-b00f-16d845d63f17\\\"}]\", \"live_revision\": null, \"slug\": \"my-first-promotion\", \"pk\": 4, \"url_path\": \"/home/my-first-promotion/\", \"draft_title\": \"My first promotion\", \"last_published_at\": null, \"seo_title\": \"\", \"live\": false, \"search_description\": \"\", \"expired\": false, \"owner\": 1, \"numchild\": 0, \"show_in_menus\": false, \"depth\": 3, \"first_published_at\": null, \"expire_at\": null, \"content_type\": 2, \"latest_revision_created_at\": \"2018-06-13T08:34:36.732Z\", \"has_unpublished_changes\": true, \"locked\": false, \"go_live_at\": null, \"path\": \"000100010001\"}", "approved_go_live_at": null}}, {"model": "wagtailcore.pagerevision", "pk": 3, "fields": {"page": 4, "submitted_for_moderation": false, "created_at": "2018-06-13T10:05:39.767Z", "user": 1, "content_json": "{\"numchild\": 0, \"slug\": \"my-first-promotion\", \"draft_title\": \"My first promotion\", \"live_revision\": 2, \"latest_revision_created_at\": \"2018-06-13T08:37:57.377Z\", \"url_path\": \"/home/my-first-promotion/\", \"last_published_at\": \"2018-06-13T08:37:57.406Z\", \"content_type\": 2, \"search_description\": \"\", \"locked\": false, \"first_published_at\": \"2018-06-13T08:37:57.406Z\", \"go_live_at\": null, \"body\": \"[{\\\"type\\\": \\\"heroes\\\", \\\"id\\\": \\\"2616f91e-84d4-43b7-b00f-16d845d63f17\\\", \\\"value\\\": null}]\", \"seo_title\": \"\", \"depth\": 3, \"show_in_menus\": false, \"title\": \"My very profitable promotion\", \"live\": true, \"expired\": false, \"has_unpublished_changes\": false, \"pk\": 4, \"expire_at\": null, \"owner\": 1, \"path\": \"000100010001\"}", "approved_go_live_at": null}}, {"model": "wagtailcore.pagerevision", "pk": 4, "fields": {"page": 4, "submitted_for_moderation": false, "created_at": "2018-06-13T11:07:06.109Z", "user": 1, "content_json": "{\"locked\": false, \"draft_title\": \"My very profitable promotion\", \"content_type\": 2, \"expired\": false, \"body\": \"[{\\\"id\\\": \\\"2616f91e-84d4-43b7-b00f-16d845d63f17\\\", \\\"type\\\": \\\"heroes\\\", \\\"value\\\": null}, {\\\"id\\\": \\\"5666929f-a90d-40ec-8d4e-96aa89054a31\\\", \\\"type\\\": \\\"index\\\", \\\"value\\\": \\\"<h2>Your roadmap to a healthier, fitter you</h2><p>We can help you achieve your fitness goals from home. 8fit Pro is all your exercise and nutrition needs in one handy app.</p>\\\"}]\", \"last_published_at\": \"2018-06-13T10:05:39.796Z\", \"search_description\": \"\", \"pk\": 4, \"path\": \"000100010001\", \"seo_title\": \"\", \"latest_revision_created_at\": \"2018-06-13T10:05:39.767Z\", \"url_path\": \"/home/my-first-promotion/\", \"depth\": 3, \"owner\": 1, \"go_live_at\": null, \"slug\": \"my-first-promotion\", \"has_unpublished_changes\": false, \"first_published_at\": \"2018-06-13T08:37:57.406Z\", \"live\": true, \"numchild\": 0, \"title\": \"My very profitable promotion\", \"show_in_menus\": false, \"expire_at\": null, \"live_revision\": 3}", "approved_go_live_at": null}}, {"model": "wagtailcore.pagerevision", "pk": 5, "fields": {"page": 4, "submitted_for_moderation": false, "created_at": "2018-06-13T11:07:10.896Z", "user": 1, "content_json": "{\"locked\": false, \"draft_title\": \"My very profitable promotion\", \"content_type\": 2, \"expired\": false, \"body\": \"[{\\\"id\\\": \\\"2616f91e-84d4-43b7-b00f-16d845d63f17\\\", \\\"type\\\": \\\"heroes\\\", \\\"value\\\": null}, {\\\"id\\\": \\\"5666929f-a90d-40ec-8d4e-96aa89054a31\\\", \\\"type\\\": \\\"index\\\", \\\"value\\\": \\\"<h2>Your roadmap to a healthier, fitter you</h2><p>We can help you achieve your fitness goals from home. 8fit Pro is all your exercise and nutrition needs in one handy app.</p>\\\"}]\", \"last_published_at\": \"2018-06-13T10:05:39.796Z\", \"search_description\": \"\", \"pk\": 4, \"path\": \"000100010001\", \"seo_title\": \"\", \"latest_revision_created_at\": \"2018-06-13T11:07:06.109Z\", \"url_path\": \"/home/my-first-promotion/\", \"depth\": 3, \"owner\": 1, \"go_live_at\": null, \"slug\": \"my-first-promotion\", \"has_unpublished_changes\": true, \"first_published_at\": \"2018-06-13T08:37:57.406Z\", \"live\": true, \"numchild\": 0, \"title\": \"My very profitable promotion\", \"show_in_menus\": false, \"expire_at\": null, \"live_revision\": 3}", "approved_go_live_at": null}}, {"model": "wagtailcore.pagerevision", "pk": 6, "fields": {"page": 4, "submitted_for_moderation": false, "created_at": "2018-06-13T11:11:13.331Z", "user": 1, "content_json": "{\"locked\": false, \"draft_title\": \"My very profitable promotion\", \"content_type\": 2, \"expired\": false, \"body\": \"[{\\\"id\\\": \\\"2616f91e-84d4-43b7-b00f-16d845d63f17\\\", \\\"type\\\": \\\"heroes\\\", \\\"value\\\": null}, {\\\"id\\\": \\\"5666929f-a90d-40ec-8d4e-96aa89054a31\\\", \\\"type\\\": \\\"index\\\", \\\"value\\\": \\\"<h2>Your roadmap to a healthier, fitter you</h2><p>We can help you achieve your fitness goals from home. 8fit Pro is all your exercise and nutrition needs in one handy app.</p>\\\"}, {\\\"id\\\": \\\"1171c311-d83d-4fc4-b6b2-1c5e790c3235\\\", \\\"type\\\": \\\"text_plus_screenshot\\\", \\\"value\\\": [{\\\"id\\\": \\\"9d9c583e-c7f9-4a8d-813b-452c60ea4050\\\", \\\"type\\\": \\\"screenshot\\\", \\\"value\\\": 1}, {\\\"id\\\": \\\"c69ae744-fda2-49d7-a5f8-4842ed453bf4\\\", \\\"type\\\": \\\"text\\\", \\\"value\\\": \\\"<h2>Meal Plans tailored to your goals</h2><p>Nutrition is 80% of the results. Get personalized plans to reach your goal</p><ul><li>Designed by nutritionists</li><li>Weekly shopping list</li><li>Simple and delicious recipes</li></ul>\\\"}]}]\", \"last_published_at\": \"2018-06-13T11:07:10.920Z\", \"search_description\": \"\", \"pk\": 4, \"path\": \"000100010001\", \"seo_title\": \"\", \"latest_revision_created_at\": \"2018-06-13T11:07:10.896Z\", \"url_path\": \"/home/my-first-promotion/\", \"depth\": 3, \"owner\": 1, \"go_live_at\": null, \"slug\": \"my-first-promotion\", \"has_unpublished_changes\": false, \"first_published_at\": \"2018-06-13T08:37:57.406Z\", \"live\": true, \"numchild\": 0, \"title\": \"My very profitable promotion\", \"show_in_menus\": false, \"expire_at\": null, \"live_revision\": 5}", "approved_go_live_at": null}}, {"model": "wagtailcore.pagerevision", "pk": 7, "fields": {"page": 4, "submitted_for_moderation": false, "created_at": "2018-06-13T11:13:32.782Z", "user": 1, "content_json": "{\"locked\": false, \"draft_title\": \"My very profitable promotion\", \"content_type\": 2, \"expired\": false, \"body\": \"[{\\\"id\\\": \\\"2616f91e-84d4-43b7-b00f-16d845d63f17\\\", \\\"type\\\": \\\"heroes\\\", \\\"value\\\": null}, {\\\"id\\\": \\\"5666929f-a90d-40ec-8d4e-96aa89054a31\\\", \\\"type\\\": \\\"index\\\", \\\"value\\\": \\\"<h2>Your roadmap to a healthier, fitter you</h2><p>We can help you achieve your fitness goals from home. 8fit Pro is all your exercise and nutrition needs in one handy app.</p>\\\"}, {\\\"id\\\": \\\"1171c311-d83d-4fc4-b6b2-1c5e790c3235\\\", \\\"type\\\": \\\"text_plus_screenshot\\\", \\\"value\\\": [{\\\"id\\\": \\\"9d9c583e-c7f9-4a8d-813b-452c60ea4050\\\", \\\"type\\\": \\\"screenshot\\\", \\\"value\\\": 1}, {\\\"id\\\": \\\"c69ae744-fda2-49d7-a5f8-4842ed453bf4\\\", \\\"type\\\": \\\"text\\\", \\\"value\\\": \\\"<h2>Meal Plans tailored to your goals</h2><p>Nutrition is 80% of the results. Get personalized plans to reach your goal</p><ul><li>Designed by nutritionists</li><li>Weekly shopping list</li><li>Simple and delicious recipes</li></ul>\\\"}]}, {\\\"id\\\": \\\"685cc55f-95f0-474a-bc92-8b306e758930\\\", \\\"type\\\": \\\"text_plus_screenshot\\\", \\\"value\\\": [{\\\"id\\\": \\\"d896ea59-e770-458e-8e93-6f3dc5bbf6d4\\\", \\\"type\\\": \\\"text\\\", \\\"value\\\": \\\"<h2>Quick, effective workouts</h2><p>Follow a workout plan designed for you</p><ul><li>Personalized for your fitness level</li><li>Intense 5 to 15 minute sessions</li><li>Burn 120 calories in 5 minutes</li></ul>\\\"}, {\\\"id\\\": \\\"4ea4a51a-1db9-4729-ba77-001a7306722a\\\", \\\"type\\\": \\\"screenshot\\\", \\\"value\\\": 2}]}]\", \"last_published_at\": \"2018-06-13T11:11:13.361Z\", \"search_description\": \"\", \"pk\": 4, \"path\": \"000100010001\", \"seo_title\": \"\", \"latest_revision_created_at\": \"2018-06-13T11:11:13.331Z\", \"url_path\": \"/home/my-first-promotion/\", \"depth\": 3, \"owner\": 1, \"go_live_at\": null, \"slug\": \"my-first-promotion\", \"has_unpublished_changes\": false, \"first_published_at\": \"2018-06-13T08:37:57.406Z\", \"live\": true, \"numchild\": 0, \"title\": \"My very profitable promotion\", \"show_in_menus\": false, \"expire_at\": null, \"live_revision\": 6}", "approved_go_live_at": null}}, {"model": "wagtailcore.pagerevision", "pk": 8, "fields": {"page": 4, "submitted_for_moderation": false, "created_at": "2018-06-13T11:42:58.758Z", "user": 1, "content_json": "{\"locked\": false, \"draft_title\": \"My very profitable promotion\", \"content_type\": 2, \"expired\": false, \"body\": \"[{\\\"id\\\": \\\"2616f91e-84d4-43b7-b00f-16d845d63f17\\\", \\\"type\\\": \\\"heroes\\\", \\\"value\\\": null}, {\\\"id\\\": \\\"5666929f-a90d-40ec-8d4e-96aa89054a31\\\", \\\"type\\\": \\\"index\\\", \\\"value\\\": \\\"<h2>Your roadmap to a healthier, fitter you</h2><p>We can help you achieve your fitness goals from home. 8fit Pro is all your exercise and nutrition needs in one handy app.</p>\\\"}, {\\\"id\\\": \\\"1171c311-d83d-4fc4-b6b2-1c5e790c3235\\\", \\\"type\\\": \\\"text_plus_screenshot\\\", \\\"value\\\": [{\\\"id\\\": \\\"9d9c583e-c7f9-4a8d-813b-452c60ea4050\\\", \\\"type\\\": \\\"screenshot\\\", \\\"value\\\": 3}, {\\\"id\\\": \\\"c69ae744-fda2-49d7-a5f8-4842ed453bf4\\\", \\\"type\\\": \\\"text\\\", \\\"value\\\": \\\"<h2>Meal Plans tailored to your goals</h2><p>Nutrition is 80% of the results. Get personalized plans to reach your goal</p><ul><li>Designed by nutritionists</li><li>Weekly shopping list</li><li>Simple and delicious recipes</li></ul>\\\"}]}, {\\\"id\\\": \\\"685cc55f-95f0-474a-bc92-8b306e758930\\\", \\\"type\\\": \\\"text_plus_screenshot\\\", \\\"value\\\": [{\\\"id\\\": \\\"d896ea59-e770-458e-8e93-6f3dc5bbf6d4\\\", \\\"type\\\": \\\"text\\\", \\\"value\\\": \\\"<h2>Quick, effective workouts</h2><p>Follow a workout plan designed for you</p><ul><li>Personalized for your fitness level</li><li>Intense 5 to 15 minute sessions</li><li>Burn 120 calories in 5 minutes</li></ul>\\\"}, {\\\"id\\\": \\\"4ea4a51a-1db9-4729-ba77-001a7306722a\\\", \\\"type\\\": \\\"screenshot\\\", \\\"value\\\": 4}]}]\", \"last_published_at\": \"2018-06-13T11:13:32.811Z\", \"search_description\": \"\", \"pk\": 4, \"path\": \"000100010001\", \"seo_title\": \"\", \"latest_revision_created_at\": \"2018-06-13T11:13:32.782Z\", \"url_path\": \"/home/my-first-promotion/\", \"depth\": 3, \"owner\": 1, \"go_live_at\": null, \"slug\": \"my-first-promotion\", \"has_unpublished_changes\": false, \"first_published_at\": \"2018-06-13T08:37:57.406Z\", \"live\": true, \"numchild\": 0, \"title\": \"My very profitable promotion\", \"show_in_menus\": false, \"expire_at\": null, \"live_revision\": 7}", "approved_go_live_at": null}}, {"model": "wagtailcore.page", "pk": 1, "fields": {"path": "0001", "depth": 1, "numchild": 1, "title": "Root", "draft_title": "Root", "slug": "root", "content_type": 1, "live": true, "has_unpublished_changes": false, "url_path": "/", "owner": null, "seo_title": "", "show_in_menus": false, "search_description": "", "go_live_at": null, "expire_at": null, "expired": false, "locked": false, "first_published_at": null, "last_published_at": null, "latest_revision_created_at": null, "live_revision": null}}, {"model": "wagtailcore.page", "pk": 3, "fields": {"path": "00010001", "depth": 2, "numchild": 1, "title": "Home", "draft_title": "Home", "slug": "home", "content_type": 2, "live": true, "has_unpublished_changes": false, "url_path": "/home/", "owner": null, "seo_title": "", "show_in_menus": false, "search_description": "", "go_live_at": null, "expire_at": null, "expired": false, "locked": false, "first_published_at": null, "last_published_at": null, "latest_revision_created_at": null, "live_revision": null}}, {"model": "wagtailcore.page", "pk": 4, "fields": {"path": "000100010001", "depth": 3, "numchild": 0, "title": "My very profitable promotion", "draft_title": "My very profitable promotion", "slug": "my-first-promotion", "content_type": 2, "live": true, "has_unpublished_changes": false, "url_path": "/home/my-first-promotion/", "owner": 1, "seo_title": "", "show_in_menus": false, "search_description": "", "go_live_at": null, "expire_at": null, "expired": false, "locked": false, "first_published_at": "2018-06-13T08:37:57.406Z", "last_published_at": "2018-06-13T11:42:58.790Z", "latest_revision_created_at": "2018-06-13T11:42:58.758Z", "live_revision": 8}}, {"model": "wagtailimages.image", "pk": 3, "fields": {"collection": 1, "title": "EN-meals-min.png", "file": "original_images/EN-meals-min.png", "width": 433, "height": 697, "created_at": "2018-06-13T11:42:44.762Z", "uploaded_by_user": 1, "focal_point_x": null, "focal_point_y": null, "focal_point_width": null, "focal_point_height": null, "file_size": null}}, {"model": "wagtailimages.image", "pk": 4, "fields": {"collection": 1, "title": "EN-workouts-min.png", "file": "original_images/EN-workouts-min.png", "width": 433, "height": 697, "created_at": "2018-06-13T11:42:56.149Z", "uploaded_by_user": 1, "focal_point_x": null, "focal_point_y": null, "focal_point_width": null, "focal_point_height": null, "file_size": null}}, {"model": "home.promopage", "pk": 3, "fields": {"body": "[]"}}, {"model": "home.promopage", "pk": 4, "fields": {"body": "[{\"id\": \"2616f91e-84d4-43b7-b00f-16d845d63f17\", \"type\": \"heroes\", \"value\": null}, {\"id\": \"5666929f-a90d-40ec-8d4e-96aa89054a31\", \"type\": \"index\", \"value\": \"<h2>Your roadmap to a healthier, fitter you</h2><p>We can help you achieve your fitness goals from home. 8fit Pro is all your exercise and nutrition needs in one handy app.</p>\"}, {\"id\": \"1171c311-d83d-4fc4-b6b2-1c5e790c3235\", \"type\": \"text_plus_screenshot\", \"value\": [{\"id\": \"9d9c583e-c7f9-4a8d-813b-452c60ea4050\", \"type\": \"screenshot\", \"value\": 3}, {\"id\": \"c69ae744-fda2-49d7-a5f8-4842ed453bf4\", \"type\": \"text\", \"value\": \"<h2>Meal Plans tailored to your goals</h2><p>Nutrition is 80% of the results. Get personalized plans to reach your goal</p><ul><li>Designed by nutritionists</li><li>Weekly shopping list</li><li>Simple and delicious recipes</li></ul>\"}]}, {\"id\": \"685cc55f-95f0-474a-bc92-8b306e758930\", \"type\": \"text_plus_screenshot\", \"value\": [{\"id\": \"d896ea59-e770-458e-8e93-6f3dc5bbf6d4\", \"type\": \"text\", \"value\": \"<h2>Quick, effective workouts</h2><p>Follow a workout plan designed for you</p><ul><li>Personalized for your fitness level</li><li>Intense 5 to 15 minute sessions</li><li>Burn 120 calories in 5 minutes</li></ul>\"}, {\"id\": \"4ea4a51a-1db9-4729-ba77-001a7306722a\", \"type\": \"screenshot\", \"value\": 4}]}]"}}]